study,config,label,desc,latency,workload,cycles,instret,cpi,ipc,branches,br_mispred,br_acc,br_mpki,jalr,jalr_cov,jalr_acc,jalr_ok,ic_miss_rate,dc_miss_rate,ic_mpki,dc_mpki,wb_pki,pf_acc,pf_cov,iside_frac,dside_frac,ic_access,ic_miss,ic_pf_issue,ic_pf_hit,dc_access,dc_miss,dc_writeback,dc_bypass,loads,stores,taken,jumps,ras_pred,btb_pred,jalr_mispred
assoc,ev_w1,1-way,bp=tournament/512/h8+RAS8+BTB16 I$=2K 1w 16B +pf D$=2K 1w 16B WB,10,bp_alternate,32785,26630,1.2311303041682313,0.8122617050480403,8192,7,99.91455078125,0.26286143447239957,0,nan,nan,nan,0.0,0.0,0.0,0.0,0.0,nan,nan,0.02745157846576178,0.006100350770169284,32780,0,0,0,2,0,0,0,2,0,6143,0,0,0,0
assoc,ev_w1,1-way,bp=tournament/512/h8+RAS8+BTB16 I$=2K 1w 16B +pf D$=2K 1w 16B WB,10,bp_always,32809,24582,1.334675779025303,0.7492456338199884,8192,3,99.96337890625,0.12204051745179399,0,nan,nan,nan,0.009152759557006437,0.0,0.12204051745179399,0.0,0.0,100.0,100.0,0.10058215733487763,0.006095888323325917,32777,3,3,3,2,0,0,0,2,0,8191,0,0,0,0
assoc,ev_w1,1-way,bp=tournament/512/h8+RAS8+BTB16 I$=2K 1w 16B +pf D$=2K 1w 16B WB,10,bp_correlated,47353,28666,1.6518872531919346,0.6053681920892023,12288,2283,81.4208984375,79.64138700900021,0,nan,nan,nan,0.005021971123666039,6.25,0.06976906439684644,8.930440242796344,0.627921579571618,100.0,100.0,4.850801427575866,17.29140709141976,39825,2,2,2,4096,256,18,0,4096,0,8201,0,0,0,0
assoc,ev_w1,1-way,bp=tournament/512/h8+RAS8+BTB16 I$=2K 1w 16B +pf D$=2K 1w 16B WB,10,bp_period4,32787,25606,1.280442083886589,0.780980266569067,8192,9,99.89013671875,0.35148012184644223,0,nan,nan,nan,0.0,0.0,0.0,0.0,0.0,nan,nan,0.033549882575410986,0.006099978650074725,32782,0,0,0,2,0,0,0,2,0,7167,0,0,0,0
assoc,ev_w1,1-way,bp=tournament/512/h8+RAS8+BTB16 I$=2K 1w 16B +pf D$=2K 1w 16B WB,10,bp_period8,33807,27142,1.2455603861174562,0.8028514804626261,8192,1029,87.43896484375,37.911723528111416,0,nan,nan,nan,0.0,0.0,0.0,0.0,0.0,nan,nan,3.049664270713166,0.005915934569763658,33802,0,0,0,2,0,0,0,2,0,5631,0,0,0,0
assoc,ev_w1,1-way,bp=tournament/512/h8+RAS8+BTB16 I$=2K 1w 16B +pf D$=2K 1w 16B WB,10,bp_random,39731,22527,1.763705775291872,0.566987994261408,8192,1974,75.9033203125,87.62817951791183,0,nan,nan,nan,0.0033803197782510228,6.25,0.04439117503440316,11.364140808807209,3.595685177786656,50.0,100.0,4.996098764189172,22.828521809166645,29583,1,2,1,4096,256,81,0,4096,0,6148,0,0,0,0
assoc,ev_w1,1-way,bp=tournament/512/h8+RAS8+BTB16 I$=2K 1w 16B +pf D$=2K 1w 16B WB,10,bsearch,1358012,535089,2.5379179912126766,0.3940237641493595,158787,29416,81.47455396222612,54.97403235723403,0,nan,nan,nan,0.0017229051626853201,82.7508650519031,0.018688479860359677,80.4482992548903,0.23921254221260388,70.0,70.0,2.275384900869801,51.510369569635614,580415,10,10,7,52020,43047,128,0,52020,0,78854,1363,0,0,0
assoc,ev_w1,1-way,bp=tournament/512/h8+RAS8+BTB16 I$=2K 1w 16B +pf D$=2K 1w 16B WB,10,coremark,918694,627626,1.4637602648711174,0.6831719810949021,115695,6623,94.27546566403042,10.55246277241542,4278,100.0,99.90649836372137,99.90649836372137,0.1266667807808836,0.8099665843382247,1.1790461198229518,1.7765357075710693,0.7791264224235452,71.25506072874494,71.35135135135135,1.5946550211495885,17.550022096584936,584210,740,741,528,137660,1115,489,0,108773,28887,65269,12333,3639,639,4
assoc,ev_w1,1-way,bp=tournament/512/h8+RAS8+BTB16 I$=2K 1w 16B +pf D$=2K 1w 16B WB,10,crc32,449948,374791,1.2005304289590732,0.8329651426387049,55296,6147,88.88346354166666,16.40114090252968,0,nan,nan,nan,0.0012055927447428621,6.25,0.01067261487068793,1.0245710275860413,0.3388555221443418,100.0,75.0,2.7387609234844916,3.0407958252953673,331787,4,3,3,6144,384,127,0,6144,0,49151,0,0,0,0
assoc,ev_w1,1-way,bp=tournament/512/h8+RAS8+BTB16 I$=2K 1w 16B +pf D$=2K 1w 16B WB,10,fib,365931,240201,1.5234366218292181,0.6564106347918051,21891,2102,90.39788040747338,8.751004367175824,10946,97.87136853645167,100.0,97.87136853645167,0.00202122283981809,0.04313319530710835,0.01665272001365523,0.16652720013655228,0.0,60.0,75.0,0.5848097045617889,25.50644793690614,197900,4,5,3,92736,40,0,0,46368,46368,8361,21892,10713,0,0
assoc,ev_w1,1-way,bp=tournament/512/h8+RAS8+BTB16 I$=2K 1w 16B +pf D$=2K 1w 16B WB,10,interp_switch,296553,223142,1.3289878194154394,0.7524523441003801,10006,2,99.98001199280432,0.008962902546360615,9007,99.98889752414787,11.11481234732401,11.113578327967137,0.012549850796218313,0.018171906232963837,0.12099918437586828,0.03585161018544246,0.0,66.66666666666666,66.66666666666666,0.42049819087987644,14.885703398717936,215142,27,27,18,44024,8,0,0,36019,8005,9006,17013,1,9005,8005
assoc,ev_w1,1-way,bp=tournament/512/h8+RAS8+BTB16 I$=2K 1w 16B +pf D$=2K 1w 16B WB,10,interp_threaded,203387,148093,1.3733734882810127,0.7281340498655273,1000,1,99.9,0.006752513623196235,9007,99.90007771733096,55.523449655479,55.467969357166645,0.020309847026232196,0.004542873367404884,0.16881284057990587,0.01350502724639247,0.0,68.0,68.0,0.11259323358916745,21.660676444413852,123093,25,25,17,44025,2,0,0,36020,8005,1,9008,1,8997,4002
assoc,ev_w1,1-way,bp=tournament/512/h8+RAS8+BTB16 I$=2K 1w 16B +pf D$=2K 1w 16B WB,10,linked_list,190046,40984,4.637077884052313,0.21565305241888805,8196,7,99.91459248413861,0.17079836033574078,0,nan,nan,nan,0.00609811873037168,49.996948428440646,0.04879953152449737,199.88288112434122,2.757173531134101,66.66666666666666,100.0,0.012102333119350052,74.11205708091725,32797,2,3,2,16385,8192,113,0,16385,0,8191,0,0,0,0
assoc,ev_w1,1-way,bp=tournament/512/h8+RAS8+BTB16 I$=2K 1w 16B +pf D$=2K 1w 16B WB,10,matmul,1193408,459611,2.5965610048497534,0.3851247854882823,65640,1644,97.49542961608775,3.5769378887798595,0,nan,nan,nan,0.001517861982978262,20.31095679012346,0.015230270815972637,57.27234552697825,2.184455985605218,100.0,100.0,0.2761838365420711,45.12295878693624,461175,7,7,7,129600,26323,1004,0,128000,1600,63999,0,0,0,0
assoc,ev_w1,1-way,bp=tournament/512/h8+RAS8+BTB16 I$=2K 1w 16B +pf D$=2K 1w 16B WB,10,qsort,905191,526634,1.718823699191469,0.5817932347979597,106296,31494,70.37141566945134,59.802443442694546,3686,99.94574064026045,100.0,99.94574064026045,0.0026537366507568836,5.511669980475397,0.026583927357519643,11.685534925583992,8.584709684524737,78.57142857142857,78.57142857142857,4.316989453054659,29.52503946680866,527558,14,14,11,111654,6154,4521,0,78524,33130,61235,10986,3684,0,0
assoc,ev_w1,1-way,bp=tournament/512/h8+RAS8+BTB16 I$=2K 1w 16B +pf D$=2K 1w 16B WB,10,sieve,2934116,765296,3.8339622838744747,0.26082677031173956,255305,6476,97.46342609819627,8.462085258514353,0,nan,nan,nan,0.0005124179362675068,33.97460166365593,0.006533419748698543,82.08196567079926,76.97544479521649,100.0,100.0,0.4402348100756752,66.52344351757054,975766,5,5,5,184894,62817,58909,0,63998,120896,191200,1,0,0,0
assoc,ev_w1,1-way,bp=tournament/512/h8+RAS8+BTB16 I$=2K 1w 16B +pf D$=2K 1w 16B WB,10,stream,512061,61468,8.330529706513959,0.12004038581340895,8192,9,99.89013671875,0.14641764820719724,0,nan,nan,nan,0.02146634662295338,99.9951171875,0.17895490336435219,333.165224181688,133.27259712370665,91.66666666666666,100.0,0.009959750889054235,86.38677813776093,51243,11,12,11,20480,20479,8192,0,12288,8192,8188,0,0,0,0
assoc,full,2-way,bp=tournament/512/h8+RAS8+BTB16 I$=2K 2w 16B +pf D$=2K 2w 16B WB,10,bp_alternate,32785,26630,1.2311303041682313,0.8122617050480403,8192,7,99.91455078125,0.26286143447239957,0,nan,nan,nan,0.0,0.0,0.0,0.0,0.0,nan,nan,0.02745157846576178,0.006100350770169284,32780,0,0,0,2,0,0,0,2,0,6143,0,0,0,0
assoc,full,2-way,bp=tournament/512/h8+RAS8+BTB16 I$=2K 2w 16B +pf D$=2K 2w 16B WB,10,bp_always,32809,24582,1.334675779025303,0.7492456338199884,8192,3,99.96337890625,0.12204051745179399,0,nan,nan,nan,0.009152759557006437,0.0,0.12204051745179399,0.0,0.0,100.0,100.0,0.10058215733487763,0.006095888323325917,32777,3,3,3,2,0,0,0,2,0,8191,0,0,0,0
assoc,full,2-way,bp=tournament/512/h8+RAS8+BTB16 I$=2K 2w 16B +pf D$=2K 2w 16B WB,10,bp_correlated,47353,28666,1.6518872531919346,0.6053681920892023,12288,2283,81.4208984375,79.64138700900021,0,nan,nan,nan,0.005021971123666039,6.25,0.06976906439684644,8.930440242796344,0.627921579571618,100.0,100.0,4.850801427575866,17.29140709141976,39825,2,2,2,4096,256,18,0,4096,0,8201,0,0,0,0
assoc,full,2-way,bp=tournament/512/h8+RAS8+BTB16 I$=2K 2w 16B +pf D$=2K 2w 16B WB,10,bp_period4,32787,25606,1.280442083886589,0.780980266569067,8192,9,99.89013671875,0.35148012184644223,0,nan,nan,nan,0.0,0.0,0.0,0.0,0.0,nan,nan,0.033549882575410986,0.006099978650074725,32782,0,0,0,2,0,0,0,2,0,7167,0,0,0,0
assoc,full,2-way,bp=tournament/512/h8+RAS8+BTB16 I$=2K 2w 16B +pf D$=2K 2w 16B WB,10,bp_period8,33807,27142,1.2455603861174562,0.8028514804626261,8192,1029,87.43896484375,37.911723528111416,0,nan,nan,nan,0.0,0.0,0.0,0.0,0.0,nan,nan,3.049664270713166,0.005915934569763658,33802,0,0,0,2,0,0,0,2,0,5631,0,0,0,0
assoc,full,2-way,bp=tournament/512/h8+RAS8+BTB16 I$=2K 2w 16B +pf D$=2K 2w 16B WB,10,bp_random,39731,22527,1.763705775291872,0.566987994261408,8192,1974,75.9033203125,87.62817951791183,0,nan,nan,nan,0.0033803197782510228,6.25,0.04439117503440316,11.364140808807209,3.595685177786656,50.0,100.0,4.996098764189172,22.828521809166645,29583,1,2,1,4096,256,81,0,4096,0,6148,0,0,0,0
assoc,full,2-way,bp=tournament/512/h8+RAS8+BTB16 I$=2K 2w 16B +pf D$=2K 2w 16B WB,10,bsearch,1361792,535089,2.5449822365998926,0.3929300509916345,158787,29416,81.47455396222612,54.97403235723403,0,nan,nan,nan,0.0017229051626853201,83.23529411764706,0.018688479860359677,80.91924894737137,0.23921254221260388,70.0,70.0,2.2690689914465647,51.64496486981859,580415,10,10,7,52020,43299,128,0,52020,0,78854,1363,0,0,0
assoc,full,2-way,bp=tournament/512/h8+RAS8+BTB16 I$=2K 2w 16B +pf D$=2K 2w 16B WB,10,coremark,899747,627626,1.433571904286948,0.6975583136148272,115695,6622,94.27633000561822,10.550869466848091,4278,100.0,99.90649836372137,99.90649836372137,0.12769490161843872,0.1314833648118553,1.1886059532269218,0.2883883076864247,0.17048369570412952,62.38286479250335,62.466487935656836,1.6739150005501544,15.768099254568229,584205,746,747,466,137660,181,107,0,108773,28887,65269,12333,3639,639,4
assoc,full,2-way,bp=tournament/512/h8+RAS8+BTB16 I$=2K 2w 16B +pf D$=2K 2w 16B WB,10,crc32,449948,374791,1.2005304289590732,0.8329651426387049,55296,6147,88.88346354166666,16.40114090252968,0,nan,nan,nan,0.0012055927447428621,6.25,0.01067261487068793,1.0245710275860413,0.3388555221443418,100.0,75.0,2.7387609234844916,3.0407958252953673,331787,4,3,3,6144,384,127,0,6144,0,49151,0,0,0,0
assoc,full,2-way,bp=tournament/512/h8+RAS8+BTB16 I$=2K 2w 16B +pf D$=2K 2w 16B WB,10,fib,365931,240201,1.5234366218292181,0.6564106347918051,21891,2102,90.39788040747338,8.751004367175824,10946,97.87136853645167,100.0,97.87136853645167,0.00202122283981809,0.04313319530710835,0.01665272001365523,0.16652720013655228,0.0,60.0,75.0,0.5848097045617889,25.50644793690614,197900,4,5,3,92736,40,0,0,46368,46368,8361,21892,10713,0,0
assoc,full,2-way,bp=tournament/512/h8+RAS8+BTB16 I$=2K 2w 16B +pf D$=2K 2w 16B WB,10,interp_switch,296553,223142,1.3289878194154394,0.7524523441003801,10006,2,99.98001199280432,0.008962902546360615,9007,99.98889752414787,11.11481234732401,11.113578327967137,0.012549850796218313,0.018171906232963837,0.12099918437586828,0.03585161018544246,0.0,66.66666666666666,66.66666666666666,0.42049819087987644,14.885703398717936,215142,27,27,18,44024,8,0,0,36019,8005,9006,17013,1,9005,8005
assoc,full,2-way,bp=tournament/512/h8+RAS8+BTB16 I$=2K 2w 16B +pf D$=2K 2w 16B WB,10,interp_threaded,203397,148093,1.3734410134172446,0.7280982512033117,1000,1,99.9,0.006752513623196235,9007,99.90007771733096,55.523449655479,55.467969357166645,0.020309847026232196,0.006814310051107325,0.16881284057990587,0.020257540869588708,0.0,68.0,68.0,0.11012945127017607,21.666986238735085,123093,25,25,17,44025,3,0,0,36020,8005,1,9008,1,8997,4002
assoc,full,2-way,bp=tournament/512/h8+RAS8+BTB16 I$=2K 2w 16B +pf D$=2K 2w 16B WB,10,linked_list,190018,40984,4.63639469061097,0.21568482985822396,8196,7,99.91459248413861,0.17079836033574078,0,nan,nan,nan,0.00609811873037168,49.996948428440646,0.04879953152449737,199.88288112434122,2.708373999609604,66.66666666666666,100.0,0.012104116452125589,74.10824237703797,32797,2,3,2,16385,8192,111,0,16385,0,8191,0,0,0,0
assoc,full,2-way,bp=tournament/512/h8+RAS8+BTB16 I$=2K 2w 16B +pf D$=2K 2w 16B WB,10,matmul,1122383,459611,2.442028149891974,0.4094956890829601,65640,1644,97.49542961608775,3.5769378887798595,0,nan,nan,nan,0.001517861982978262,16.830246913580247,0.015230270815972637,47.45752386257074,1.6622752719147278,100.0,100.0,0.2936608982851665,41.650310099137286,461175,7,7,7,129600,21812,764,0,128000,1600,63999,0,0,0,0
assoc,full,2-way,bp=tournament/512/h8+RAS8+BTB16 I$=2K 2w 16B +pf D$=2K 2w 16B WB,10,qsort,894027,526634,1.697624915975801,0.5890582722893156,106296,31494,70.37141566945134,59.802443442694546,3686,99.94574064026045,100.0,99.94574064026045,0.0026537366507568836,5.1426729002095755,0.026583927357519643,10.90320792049127,7.908718388862094,78.57142857142857,78.57142857142857,4.370897075815384,28.644996180204846,527558,14,14,11,111654,5742,4165,0,78524,33130,61235,10986,3684,0,0
assoc,full,2-way,bp=tournament/512/h8+RAS8+BTB16 I$=2K 2w 16B +pf D$=2K 2w 16B WB,10,sieve,2934944,765296,3.8350442181848594,0.26075318643217726,255305,6476,97.46342609819627,8.462085258514353,0,nan,nan,nan,0.0005124179362675068,33.990827176652566,0.006533419748698543,82.12116618929147,77.01072526185946,100.0,100.0,0.4401106119912339,66.53288785067109,975766,5,5,5,184894,62847,58936,0,63998,120896,191200,1,0,0,0
assoc,full,2-way,bp=tournament/512/h8+RAS8+BTB16 I$=2K 2w 16B +pf D$=2K 2w 16B WB,10,stream,377816,61468,6.146547797227826,0.16269295106612744,8192,9,99.89013671875,0.14641764820719724,0,nan,nan,nan,0.02146760343481655,69.9951171875,0.17895490336435219,233.21077633890806,84.35283399492418,91.66666666666666,100.0,0.016939462595549154,81.54630825587058,51240,11,12,11,20480,14335,5185,0,12288,8192,8188,0,0,0,0
assoc,ev_w4,4-way,bp=tournament/512/h8+RAS8+BTB16 I$=2K 4w 16B +pf D$=2K 4w 16B WB,10,bp_alternate,32785,26630,1.2311303041682313,0.8122617050480403,8192,7,99.91455078125,0.26286143447239957,0,nan,nan,nan,0.0,0.0,0.0,0.0,0.0,nan,nan,0.02745157846576178,0.006100350770169284,32780,0,0,0,2,0,0,0,2,0,6143,0,0,0,0
assoc,ev_w4,4-way,bp=tournament/512/h8+RAS8+BTB16 I$=2K 4w 16B +pf D$=2K 4w 16B WB,10,bp_always,32809,24582,1.334675779025303,0.7492456338199884,8192,3,99.96337890625,0.12204051745179399,0,nan,nan,nan,0.009152759557006437,0.0,0.12204051745179399,0.0,0.0,100.0,100.0,0.10058215733487763,0.006095888323325917,32777,3,3,3,2,0,0,0,2,0,8191,0,0,0,0
assoc,ev_w4,4-way,bp=tournament/512/h8+RAS8+BTB16 I$=2K 4w 16B +pf D$=2K 4w 16B WB,10,bp_correlated,47409,28666,1.6538407869950464,0.6046531249340843,12288,2283,81.4208984375,79.64138700900021,0,nan,nan,nan,0.005021971123666039,6.25,0.06976906439684644,8.930440242796344,0.7674597083653109,100.0,100.0,4.845071610875572,17.389103334809846,39825,2,2,2,4096,256,22,0,4096,0,8201,0,0,0,0
assoc,ev_w4,4-way,bp=tournament/512/h8+RAS8+BTB16 I$=2K 4w 16B +pf D$=2K 4w 16B WB,10,bp_period4,32787,25606,1.280442083886589,0.780980266569067,8192,9,99.89013671875,0.35148012184644223,0,nan,nan,nan,0.0,0.0,0.0,0.0,0.0,nan,nan,0.033549882575410986,0.006099978650074725,32782,0,0,0,2,0,0,0,2,0,7167,0,0,0,0
assoc,ev_w4,4-way,bp=tournament/512/h8+RAS8+BTB16 I$=2K 4w 16B +pf D$=2K 4w 16B WB,10,bp_period8,33807,27142,1.2455603861174562,0.8028514804626261,8192,1029,87.43896484375,37.911723528111416,0,nan,nan,nan,0.0,0.0,0.0,0.0,0.0,nan,nan,3.049664270713166,0.005915934569763658,33802,0,0,0,2,0,0,0,2,0,5631,0,0,0,0
assoc,ev_w4,4-way,bp=tournament/512/h8+RAS8+BTB16 I$=2K 4w 16B +pf D$=2K 4w 16B WB,10,bp_random,39745,22527,1.7643272517423536,0.5667882752547491,8192,1974,75.9033203125,87.62817951791183,0,nan,nan,nan,0.0033803197782510228,6.25,0.04439117503440316,11.364140808807209,3.640076352821059,50.0,100.0,4.994338910554787,22.855705120140897,29583,1,2,1,4096,256,82,0,4096,0,6148,0,0,0,0
assoc,ev_w4,4-way,bp=tournament/512/h8+RAS8+BTB16 I$=2K 4w 16B +pf D$=2K 4w 16B WB,10,bsearch,1364492,535089,2.5500281261621898,0.39215253735456124,158787,29416,81.47455396222612,54.97403235723403,0,nan,nan,nan,0.0017229051626853201,83.58131487889273,0.018688479860359677,81.25564158485784,0.23921254221260388,70.0,70.0,2.264579052130756,51.74064780152614,580415,10,10,7,52020,43479,128,0,52020,0,78854,1363,0,0,0
assoc,ev_w4,4-way,bp=tournament/512/h8+RAS8+BTB16 I$=2K 4w 16B +pf D$=2K 4w 16B WB,10,coremark,898331,627626,1.431315783603611,0.6986578443803008,115695,6623,94.27546566403042,10.55246277241542,4278,100.0,99.90649836372137,99.90649836372137,0.10903594762851093,0.11477553392416097,1.0149356463881356,0.2517422796378735,0.18163683467542774,65.36050156739812,65.46310832025117,1.54642331167465,15.765458388945722,584211,637,638,417,137660,158,114,0,108773,28887,65269,12333,3639,639,4
assoc,ev_w4,4-way,bp=tournament/512/h8+RAS8+BTB16 I$=2K 4w 16B +pf D$=2K 4w 16B WB,10,crc32,449948,374791,1.2005304289590732,0.8329651426387049,55296,6147,88.88346354166666,16.40114090252968,0,nan,nan,nan,0.0012055927447428621,6.25,0.01067261487068793,1.0245710275860413,0.3388555221443418,100.0,75.0,2.7387609234844916,3.0407958252953673,331787,4,3,3,6144,384,127,0,6144,0,49151,0,0,0,0
assoc,ev_w4,4-way,bp=tournament/512/h8+RAS8+BTB16 I$=2K 4w 16B +pf D$=2K 4w 16B WB,10,fib,365931,240201,1.5234366218292181,0.6564106347918051,21891,2102,90.39788040747338,8.751004367175824,10946,97.87136853645167,100.0,97.87136853645167,0.00202122283981809,0.04313319530710835,0.01665272001365523,0.16652720013655228,0.0,60.0,75.0,0.5848097045617889,25.50644793690614,197900,4,5,3,92736,40,0,0,46368,46368,8361,21892,10713,0,0
assoc,ev_w4,4-way,bp=tournament/512/h8+RAS8+BTB16 I$=2K 4w 16B +pf D$=2K 4w 16B WB,10,interp_switch,296553,223142,1.3289878194154394,0.7524523441003801,10006,2,99.98001199280432,0.008962902546360615,9007,99.98889752414787,11.11481234732401,11.113578327967137,0.012549850796218313,0.018171906232963837,0.12099918437586828,0.03585161018544246,0.0,66.66666666666666,66.66666666666666,0.42049819087987644,14.885703398717936,215142,27,27,18,44024,8,0,0,36019,8005,9006,17013,1,9005,8005
assoc,ev_w4,4-way,bp=tournament/512/h8+RAS8+BTB16 I$=2K 4w 16B +pf D$=2K 4w 16B WB,10,interp_threaded,203387,148093,1.3733734882810127,0.7281340498655273,1000,1,99.9,0.006752513623196235,9007,99.90007771733096,55.523449655479,55.467969357166645,0.020309847026232196,0.004542873367404884,0.16881284057990587,0.01350502724639247,0.0,68.0,68.0,0.11259323358916745,21.660676444413852,123093,25,25,17,44025,2,0,0,36020,8005,1,9008,1,8997,4002
assoc,ev_w4,4-way,bp=tournament/512/h8+RAS8+BTB16 I$=2K 4w 16B +pf D$=2K 4w 16B WB,10,linked_list,190004,40984,4.636053093890299,0.21570072209006128,8196,7,99.91459248413861,0.17079836033574078,0,nan,nan,nan,0.00609811873037168,49.996948428440646,0.04879953152449737,199.88288112434122,2.683974233847355,66.66666666666666,100.0,0.012105008315614408,74.10633460348203,32797,2,3,2,16385,8192,110,0,16385,0,8191,0,0,0,0
assoc,ev_w4,4-way,bp=tournament/512/h8+RAS8+BTB16 I$=2K 4w 16B +pf D$=2K 4w 16B WB,10,matmul,1083552,459611,2.357541486169826,0.4241706904698621,65640,1644,97.49542961608775,3.5769378887798595,0,nan,nan,nan,0.001517861982978262,14.684413580246913,0.015230270815972637,41.406754842682176,2.1104803844990654,100.0,100.0,0.30418475532323325,39.5592458875993,461175,7,7,7,129600,19031,970,0,128000,1600,63999,0,0,0,0
assoc,ev_w4,4-way,bp=tournament/512/h8+RAS8+BTB16 I$=2K 4w 16B +pf D$=2K 4w 16B WB,10,qsort,894345,526634,1.6982287508972076,0.5888488223224818,106296,31494,70.37141566945134,59.802443442694546,3686,99.94574064026045,100.0,99.94574064026045,0.0026537366507568836,5.164167875759041,0.026583927357519643,10.948780367389876,7.903021832999768,78.57142857142857,78.57142857142857,4.369342926946537,28.67036769926594,527558,14,14,11,111654,5766,4162,0,78524,33130,61235,10986,3684,0,0
assoc,ev_w4,4-way,bp=tournament/512/h8+RAS8+BTB16 I$=2K 4w 16B +pf D$=2K 4w 16B WB,10,sieve,2935393,765296,3.8356309192782923,0.2607133014216495,255305,6476,97.46342609819627,8.462085258514353,0,nan,nan,nan,0.0005124179362675068,33.998939933150886,0.006533419748698543,82.14076644853756,77.03163220505529,100.0,100.0,0.4400432923291703,66.53800700621689,975766,5,5,5,184894,62862,58952,0,63998,120896,191200,1,0,0,0
assoc,ev_w4,4-way,bp=tournament/512/h8+RAS8+BTB16 I$=2K 4w 16B +pf D$=2K 4w 16B WB,10,stream,196674,61468,3.1996160603891455,0.31253749860174707,8192,9,99.89013671875,0.14641764820719724,0,nan,nan,nan,0.02146760343481655,25.01953125,0.17895490336435219,83.36044771263096,34.40814732869135,91.66666666666666,100.0,0.0340665263329164,64.54844056662294,51240,11,12,11,20480,5124,2115,0,12288,8192,8188,0,0,0,0
assoc,ev_w8,8-way,bp=tournament/512/h8+RAS8+BTB16 I$=2K 8w 16B +pf D$=2K 8w 16B WB,10,bp_alternate,32785,26630,1.2311303041682313,0.8122617050480403,8192,7,99.91455078125,0.26286143447239957,0,nan,nan,nan,0.0,0.0,0.0,0.0,0.0,nan,nan,0.02745157846576178,0.006100350770169284,32780,0,0,0,2,0,0,0,2,0,6143,0,0,0,0
assoc,ev_w8,8-way,bp=tournament/512/h8+RAS8+BTB16 I$=2K 8w 16B +pf D$=2K 8w 16B WB,10,bp_always,32809,24582,1.334675779025303,0.7492456338199884,8192,3,99.96337890625,0.12204051745179399,0,nan,nan,nan,0.009152759557006437,0.0,0.12204051745179399,0.0,0.0,100.0,100.0,0.10058215733487763,0.006095888323325917,32777,3,3,3,2,0,0,0,2,0,8191,0,0,0,0
assoc,ev_w8,8-way,bp=tournament/512/h8+RAS8+BTB16 I$=2K 8w 16B +pf D$=2K 8w 16B WB,10,bp_correlated,47409,28666,1.6538407869950464,0.6046531249340843,12288,2283,81.4208984375,79.64138700900021,0,nan,nan,nan,0.005021971123666039,6.25,0.06976906439684644,8.930440242796344,0.7674597083653109,100.0,100.0,4.845071610875572,17.389103334809846,39825,2,2,2,4096,256,22,0,4096,0,8201,0,0,0,0
assoc,ev_w8,8-way,bp=tournament/512/h8+RAS8+BTB16 I$=2K 8w 16B +pf D$=2K 8w 16B WB,10,bp_period4,32787,25606,1.280442083886589,0.780980266569067,8192,9,99.89013671875,0.35148012184644223,0,nan,nan,nan,0.0,0.0,0.0,0.0,0.0,nan,nan,0.033549882575410986,0.006099978650074725,32782,0,0,0,2,0,0,0,2,0,7167,0,0,0,0
assoc,ev_w8,8-way,bp=tournament/512/h8+RAS8+BTB16 I$=2K 8w 16B +pf D$=2K 8w 16B WB,10,bp_period8,33807,27142,1.2455603861174562,0.8028514804626261,8192,1029,87.43896484375,37.911723528111416,0,nan,nan,nan,0.0,0.0,0.0,0.0,0.0,nan,nan,3.049664270713166,0.005915934569763658,33802,0,0,0,2,0,0,0,2,0,5631,0,0,0,0
assoc,ev_w8,8-way,bp=tournament/512/h8+RAS8+BTB16 I$=2K 8w 16B +pf D$=2K 8w 16B WB,10,bp_random,39745,22527,1.7643272517423536,0.5667882752547491,8192,1974,75.9033203125,87.62817951791183,0,nan,nan,nan,0.0033803197782510228,6.25,0.04439117503440316,11.364140808807209,3.640076352821059,50.0,100.0,4.994338910554787,22.855705120140897,29583,1,2,1,4096,256,82,0,4096,0,6148,0,0,0,0
assoc,ev_w8,8-way,bp=tournament/512/h8+RAS8+BTB16 I$=2K 8w 16B +pf D$=2K 8w 16B WB,10,bsearch,1244327,535089,2.3254580079201776,0.4300228155460743,158787,29416,81.47455396222612,54.97403235723403,0,nan,nan,nan,0.0017229051626853201,68.18146866589773,0.018688479860359677,66.2843003687237,0.23921254221260388,70.0,70.0,2.4832700728988444,47.080228910889176,580415,10,10,7,52020,35468,128,0,52020,0,78854,1363,0,0,0
assoc,ev_w8,8-way,bp=tournament/512/h8+RAS8+BTB16 I$=2K 8w 16B +pf D$=2K 8w 16B WB,10,coremark,896953,627626,1.4291202085318326,0.6997312010774255,115695,6622,94.27633000561822,10.550869466848091,4278,100.0,99.90649836372137,99.90649836372137,0.10800947607701368,0.07482202527967456,1.0053758129841657,0.16411047343481627,0.12109122311695182,63.92405063291139,64.02535657686212,1.5464578411577863,15.638389079472393,584208,631,632,404,137660,103,76,0,108773,28887,65269,12333,3639,639,4
assoc,ev_w8,8-way,bp=tournament/512/h8+RAS8+BTB16 I$=2K 8w 16B +pf D$=2K 8w 16B WB,10,crc32,449948,374791,1.2005304289590732,0.8329651426387049,55296,6147,88.88346354166666,16.40114090252968,0,nan,nan,nan,0.0012055927447428621,6.25,0.01067261487068793,1.0245710275860413,0.3388555221443418,100.0,75.0,2.7387609234844916,3.0407958252953673,331787,4,3,3,6144,384,127,0,6144,0,49151,0,0,0,0
assoc,ev_w8,8-way,bp=tournament/512/h8+RAS8+BTB16 I$=2K 8w 16B +pf D$=2K 8w 16B WB,10,fib,365931,240201,1.5234366218292181,0.6564106347918051,21891,2102,90.39788040747338,8.751004367175824,10946,97.87136853645167,100.0,97.87136853645167,0.00202122283981809,0.04313319530710835,0.01665272001365523,0.16652720013655228,0.0,60.0,75.0,0.5848097045617889,25.50644793690614,197900,4,5,3,92736,40,0,0,46368,46368,8361,21892,10713,0,0
assoc,ev_w8,8-way,bp=tournament/512/h8+RAS8+BTB16 I$=2K 8w 16B +pf D$=2K 8w 16B WB,10,interp_switch,296553,223142,1.3289878194154394,0.7524523441003801,10006,2,99.98001199280432,0.008962902546360615,9007,99.98889752414787,11.11481234732401,11.113578327967137,0.012549850796218313,0.018171906232963837,0.12099918437586828,0.03585161018544246,0.0,66.66666666666666,66.66666666666666,0.42049819087987644,14.885703398717936,215142,27,27,18,44024,8,0,0,36019,8005,9006,17013,1,9005,8005
assoc,ev_w8,8-way,bp=tournament/512/h8+RAS8+BTB16 I$=2K 8w 16B +pf D$=2K 8w 16B WB,10,interp_threaded,203408,148093,1.3735152910670998,0.7280588767403445,1000,1,99.9,0.006752513623196235,9007,99.90007771733096,55.523449655479,55.467969357166645,0.021934634788330777,0.004542873367404884,0.18231786782629833,0.01350502724639247,0.0,66.66666666666666,66.66666666666666,0.12290568709195313,21.65844017934398,123093,27,27,18,44025,2,0,0,36020,8005,1,9008,1,8997,4002
assoc,ev_w8,8-way,bp=tournament/512/h8+RAS8+BTB16 I$=2K 8w 16B +pf D$=2K 8w 16B WB,10,linked_list,190018,40984,4.63639469061097,0.21568482985822396,8196,7,99.91459248413861,0.17079836033574078,0,nan,nan,nan,0.00609811873037168,49.996948428440646,0.04879953152449737,199.88288112434122,2.708373999609604,66.66666666666666,100.0,0.012104116452125589,74.10824237703797,32797,2,3,2,16385,8192,111,0,16385,0,8191,0,0,0,0
assoc,ev_w8,8-way,bp=tournament/512/h8+RAS8+BTB16 I$=2K 8w 16B +pf D$=2K 8w 16B WB,10,matmul,1043034,459611,2.269384327181029,0.44064814761551396,65640,1644,97.49542961608775,3.5769378887798595,0,nan,nan,nan,0.001517861982978262,12.922067901234568,0.015230270815972637,36.43733505072768,1.137918805250527,100.0,100.0,0.316001204179346,37.21134689760832,461175,7,7,7,129600,16747,523,0,128000,1600,63999,0,0,0,0
assoc,ev_w8,8-way,bp=tournament/512/h8+RAS8+BTB16 I$=2K 8w 16B +pf D$=2K 8w 16B WB,10,qsort,895537,526634,1.700492182426505,0.5880650380721288,106296,31494,70.37141566945134,59.802443442694546,3686,99.94574064026045,100.0,99.94574064026045,0.0026537366507568836,5.203575330933061,0.026583927357519643,11.032329853370653,7.975178207255892,78.57142857142857,78.57142857142857,4.363527135115579,28.765310646014626,527558,14,14,11,111654,5810,4200,0,78524,33130,61235,10986,3684,0,0
assoc,ev_w8,8-way,bp=tournament/512/h8+RAS8+BTB16 I$=2K 8w 16B +pf D$=2K 8w 16B WB,10,sieve,2935509,765296,3.835782494616462,0.2607029990369643,255305,6476,97.46342609819627,8.462085258514353,0,nan,nan,nan,0.0005124179362675068,34.00110333488377,0.006533419748698543,82.14599318433652,77.03685894085426,100.0,100.0,0.4400259035145183,66.53932929519208,975766,5,5,5,184894,62866,58956,0,63998,120896,191200,1,0,0,0
assoc,ev_w8,8-way,bp=tournament/512/h8+RAS8+BTB16 I$=2K 8w 16B +pf D$=2K 8w 16B WB,10,stream,196898,61468,3.203260232966747,0.31218194191916626,8192,9,99.89013671875,0.14641764820719724,0,nan,nan,nan,0.02146760343481655,25.01953125,0.17895490336435219,83.36044771263096,34.66844536994859,91.66666666666666,100.0,0.034027770723928125,64.58877185141544,51240,11,12,11,20480,5124,2131,0,12288,8192,8188,0,0,0,0
