study,config,label,desc,latency,workload,cycles,instret,cpi,ipc,branches,br_mispred,br_acc,br_mpki,ic_miss_rate,dc_miss_rate,ic_mpki,dc_mpki,wb_pki,iside_frac,dside_frac,ic_access,ic_miss,dc_access,dc_miss,dc_writeback,dc_bypass,loads,stores,taken,jumps
bp,caches,none,bp=none I$=2K 2w 16B D$=2K 2w 16B,10,bp_alternate,43031,26640,1.6152777777777778,0.6190885640584695,8192,6143,25.01220703125,230.59309309309307,0.0,0.0,0.0,0.0,0.0,23.79447375148149,0.016267342148683507,40971,0,7,0,0,0,3,4,6143,1
bp,caches,none,bp=none I$=2K 2w 16B D$=2K 2w 16B,10,bp_always,45166,24592,1.8366135328562134,0.5444803613337467,8192,8191,0.01220703125,333.0757970071568,0.013313510994741163,14.285714285714285,0.24398178269355889,0.040663630448926485,0.040663630448926485,27.332506752867204,0.07970597351990436,45067,6,7,1,1,0,3,4,8191,1
bp,caches,none,bp=none I$=2K 2w 16B D$=2K 2w 16B,10,bp_correlated,57436,28676,2.0029292788394475,0.49926875130580123,12288,8201,33.260091145833336,285.9882828846422,0.011090409014284446,6.2682926829268295,0.17436183568140606,8.96219835402427,0.6277026084530618,21.502193746082597,14.288947698307682,45084,5,4100,257,18,0,4096,4,8201,1
bp,caches,none,bp=none I$=2K 2w 16B D$=2K 2w 16B,10,bp_period4,44055,25616,1.7198235477826358,0.5814549994325275,8192,7167,12.51220703125,279.78607120549657,0.0,0.0,0.0,0.0,0.0,25.565770060152083,0.01588922937237544,43019,0,7,0,0,0,3,4,7167,1
bp,caches,none,bp=none I$=2K 2w 16B D$=2K 2w 16B,10,bp_period8,42519,27152,1.5659619917501473,0.6385851031303652,8192,5631,31.26220703125,207.38803771361225,0.0,0.0,0.0,0.0,0.0,22.87683153413768,0.016463228203861802,39947,0,7,0,0,0,3,4,5631,1
bp,caches,none,bp=none I$=2K 2w 16B D$=2K 2w 16B,10,bp_random,44104,22537,1.9569596663264854,0.5109967349900236,8192,6148,24.951171875,272.79584682965793,0.0057405281285878304,6.2682926829268295,0.08874295602786528,11.40346984958069,4.082175977281803,13.998730273898058,20.957282786141846,34840,2,4100,257,92,0,4096,4,6148,1
bp,caches,none,bp=none I$=2K 2w 16B D$=2K 2w 16B,10,bsearch,1463276,535089,2.734640405614767,0.3656787919708927,158787,78854,50.33976333075125,147.3661390908802,0.0014695012365852904,83.23529411764706,0.018688479860359677,80.91924894737137,0.23921254221260388,9.04709706166164,48.06318151872921,680503,10,52020,43299,128,0,52020,0,78854,1363
bp,caches,none,bp=none I$=2K 2w 16B D$=2K 2w 16B,10,coremark,969732,627626,1.54507939441642,0.6472159318244628,115695,65269,43.58528890617572,103.99346107395169,0.11192898960830855,0.13438907453145432,1.1886059532269218,0.29476152995573796,0.1911966680793976,8.745096583385925,14.655079960236437,666494,746,137660,185,120,0,108773,28887,65269,12333
bp,caches,none,bp=none I$=2K 2w 16B D$=2K 2w 16B,10,crc32,492947,374791,1.3152583706652508,0.7603068889758939,55296,49151,11.112919560185187,131.14242337729561,0.0010850576708152037,6.25,0.01067261487068793,1.0245710275860413,0.3361873684266698,11.225547574079972,2.772711873690275,368644,4,6144,384,126,0,6144,0,49151,0
bp,caches,none,bp=none I$=2K 2w 16B D$=2K 2w 16B,10,fib,376384,240201,1.5669543424049026,0.6381806878081959,21891,8361,61.80622173495958,34.80834800854284,0.0018490184023556495,0.04313319530710835,0.01665272001365523,0.16652720013655228,0.0,3.345785155585785,24.798078558068358,216331,4,92736,40,0,0,46368,46368,8361,21892
bp,caches,none,bp=none I$=2K 2w 16B D$=2K 2w 16B,10,linked_list,198222,40984,4.836570368924458,0.20675807932520104,8196,8191,0.061005368472422106,199.85848135857896,0.004881025015253203,49.996948428440646,0.04879953152449737,199.88288112434122,2.708373999609604,4.1503970295930825,71.04105497876118,40975,2,16385,8192,111,0,16385,0,8191,0
bp,caches,none,bp=none I$=2K 2w 16B D$=2K 2w 16B,10,matmul,1184768,459611,2.5777624991568957,0.38793333378349176,65640,63999,2.500000000000002,139.2460145644904,0.0013412865237110714,16.830246913580247,0.015230270815972637,47.45752386257074,1.6622752719147278,5.543785787597234,39.45717642610199,521887,7,129600,21812,764,0,128000,1600,63999,0
bp,caches,none,bp=none I$=2K 2w 16B D$=2K 2w 16B,10,qsort,947019,526634,1.7982488787279212,0.5560965513891485,106296,61235,42.39199969895387,116.27619940983682,0.002411809597968567,5.163272251777814,0.026583927357519643,10.946881515435768,7.946695427944265,9.65598367086616,27.108115043098397,580477,14,111654,5765,4185,0,78524,33130,61235,10986
bp,caches,none,bp=none I$=2K 2w 16B D$=2K 2w 16B,10,sieve,3234125,765296,4.225979228951935,0.23663154639972173,255305,191200,25.10918313389867,249.83797119023225,0.00043569681427203344,33.990827176652566,0.006533419748698543,82.12116618929147,77.01072526185946,9.650152668805319,60.37809299269509,1147587,5,184894,62847,58936,0,63998,120896,191200,1
bp,caches,none,bp=none I$=2K 2w 16B D$=2K 2w 16B,10,stream,386049,61468,6.280487408082254,0.15922331103046505,8192,8188,0.048828125,133.20752261339234,0.017322016282695307,69.9951171875,0.17895490336435219,233.21077633890806,84.35283399492418,2.1492090382308984,79.8072265437807,63503,11,20480,14335,5185,0,12288,8192,8188,0
bp,ev_bp_static,static (BTFN),bp=static I$=2K 2w 16B D$=2K 2w 16B,10,bp_alternate,34843,26640,1.3079204204204204,0.7645725109778148,8192,2049,74.98779296875,76.91441441441442,0.0,0.0,0.0,0.0,0.0,5.886404729787905,0.020090118531699338,34830,0,7,0,0,0,3,4,6143,1
bp,ev_bp_static,static (BTFN),bp=static I$=2K 2w 16B D$=2K 2w 16B,10,bp_always,36976,24592,1.5035783994795056,0.6650800519255733,8192,4097,49.98779296875,166.5988939492518,0.0162698627908238,14.285714285714285,0.24398178269355889,0.040663630448926485,0.040663630448926485,11.237018606663781,0.09736045002163567,36878,6,7,1,1,0,3,4,8191,1
bp,ev_bp_static,static (BTFN),bp=static I$=2K 2w 16B D$=2K 2w 16B,10,bp_correlated,49247,28676,1.7173594643604408,0.5822892765041525,12288,4107,66.5771484375,143.22081182870693,0.012840926601263547,6.2682926829268295,0.17436183568140606,8.96219835402427,0.6277026084530618,8.449245639328284,16.664974516214183,38938,5,4100,257,18,0,4096,4,8201,1
bp,ev_bp_static,static (BTFN),bp=static I$=2K 2w 16B D$=2K 2w 16B,10,bp_period4,35867,25616,1.400179575265459,0.7141941060027324,8192,3073,62.48779296875,119.96408494690817,0.0,0.0,0.0,0.0,0.0,8.573340396464717,0.019516547243984723,35854,0,7,0,0,0,3,4,7167,1
bp,ev_bp_static,static (BTFN),bp=static I$=2K 2w 16B D$=2K 2w 16B,10,bp_period8,34331,27152,1.264400412492634,0.7908887011738662,8192,1537,81.23779296875,56.60724808485563,0.0,0.0,0.0,0.0,0.0,4.482828930121465,0.020389735224724013,34318,0,7,0,0,0,3,4,5631,1
bp,ev_bp_static,static (BTFN),bp=static I$=2K 2w 16B D$=2K 2w 16B,10,bp_random,40010,22537,1.7753028353374452,0.5632841789552612,8192,2054,74.9267578125,91.13901584061765,0.006970098278385725,6.2682926829268295,0.08874295602786528,11.40346984958069,4.082175977281803,5.19870032491877,23.101724568857783,28694,2,4100,257,92,0,4096,4,6148,1
bp,ev_bp_static,static (BTFN),bp=static I$=2K 2w 16B D$=2K 2w 16B,10,bsearch,1363323,535089,2.547843442866514,0.3924887939248439,158787,30932,80.5198158539427,57.80720590406456,0.0017143924964469217,83.23529411764706,0.018688479860359677,80.91924894737137,0.23921254221260388,2.3788199861661545,51.586968018584,583297,10,52020,43299,128,0,52020,0,78854,1363
bp,ev_bp_static,static (BTFN),bp=static I$=2K 2w 16B D$=2K 2w 16B,10,coremark,919007,627626,1.4642589695136912,0.6829393029650481,115695,20445,82.32853623752106,32.575132324027365,0.1192590341967969,0.13438907453145432,1.1694862864189821,0.29476152995573796,0.1911966680793976,3.7082416129583344,15.463973614999668,615467,734,137660,185,120,0,108773,28887,65269,12333
bp,ev_bp_static,static (BTFN),bp=static I$=2K 2w 16B D$=2K 2w 16B,10,crc32,449943,374791,1.2005170881904847,0.8329743989794263,55296,6145,88.88708043981481,16.395804595094333,0.0012056036457454248,6.25,0.01067261487068793,1.0245710275860413,0.3361873684266698,2.740791611381886,3.0377181109607214,331784,4,6144,384,126,0,6144,0,49151,0
bp,ev_bp_static,static (BTFN),bp=static I$=2K 2w 16B D$=2K 2w 16B,10,fib,374789,240201,1.5603140702994576,0.6408966111598793,21891,10946,49.99771595632908,45.57016831736754,0.0018997321377685747,0.04313319530710835,0.01665272001365523,0.16652720013655228,0.0,2.934451117828965,24.903612432595406,210556,4,92736,40,0,0,46368,46368,8361,21892
bp,ev_bp_static,static (BTFN),bp=static I$=2K 2w 16B D$=2K 2w 16B,10,linked_list,190036,40984,4.63683388639469,0.21566440042939233,8196,5,99.93899463152758,0.12199882881124341,0.006098676587180582,49.996948428440646,0.04879953152449737,199.88288112434122,2.708373999609604,0.021574859500305205,74.1012229261824,32794,2,16385,8192,111,0,16385,0,8191,0
bp,ev_bp_static,static (BTFN),bp=static I$=2K 2w 16B D$=2K 2w 16B,10,matmul,1122412,459611,2.4420912467282117,0.409485108854859,65640,1641,97.5,3.5704106298587286,0.001517881730992326,16.830246913580247,0.015230270815972637,47.45752386257074,1.6622752719147278,0.29623703239095805,41.64923397112646,461169,7,129600,21812,764,0,128000,1600,63999,0
bp,ev_bp_static,static (BTFN),bp=static I$=2K 2w 16B D$=2K 2w 16B,10,qsort,916897,526634,1.7410516601662636,0.5743654957972378,106296,46531,56.2250696169188,88.35548027662475,0.0025162477713234024,5.163272251777814,0.026583927357519643,10.946881515435768,7.946695427944265,6.6879922172283255,27.998673787786416,556384,14,111654,5765,4185,0,78524,33130,61235,10986
bp,ev_bp_static,static (BTFN),bp=static I$=2K 2w 16B D$=2K 2w 16B,10,sieve,2941324,765296,3.8433808617841985,0.26018758899053623,255305,12827,94.97581324298389,16.76083502331124,0.0005090872066384972,33.990827176652566,0.006533419748698543,82.12116618929147,77.01072526185946,0.6560650917749966,66.38857194923102,982150,5,184894,62847,58936,0,63998,120896,191200,1
bp,ev_bp_static,static (BTFN),bp=static I$=2K 2w 16B D$=2K 2w 16B,10,stream,377868,61468,6.147393765861912,0.16267056220690823,8192,4,99.951171875,0.06507451031430989,0.021470536568227512,69.9951171875,0.17895490336435219,233.21077633890806,84.35283399492418,0.030698550816687306,81.53508632644204,51233,11,20480,14335,5185,0,12288,8192,8188,0
bp,ev_bp_bimodal,bimodal,bp=bimodal/512 I$=2K 2w 16B D$=2K 2w 16B,10,bp_alternate,34843,26640,1.3079204204204204,0.7645725109778148,8192,2049,74.98779296875,76.91441441441442,0.0,0.0,0.0,0.0,0.0,5.886404729787905,0.020090118531699338,34830,0,7,0,0,0,3,4,6143,1
bp,ev_bp_bimodal,bimodal,bp=bimodal/512 I$=2K 2w 16B D$=2K 2w 16B,10,bp_always,32884,24592,1.3371828236824983,0.7478408952682155,8192,3,99.96337890625,0.12199089134677944,0.018301052310507854,14.285714285714285,0.24398178269355889,0.040663630448926485,0.040663630448926485,0.1915825325386206,0.10947573287921177,32785,6,7,1,1,0,3,4,8191,1
bp,ev_bp_bimodal,bimodal,bp=bimodal/512 I$=2K 2w 16B D$=2K 2w 16B,10,bp_correlated,49137,28676,1.71352350397545,0.5835928119339805,12288,3996,67.48046875,139.34997907657973,0.012209117769150001,6.2682926829268295,0.17436183568140606,8.96219835402427,0.6277026084530618,8.244296558601462,16.702281376559416,40953,5,4100,257,18,0,4096,4,8201,1
bp,ev_bp_bimodal,bimodal,bp=bimodal/512 I$=2K 2w 16B D$=2K 2w 16B,10,bp_period4,33819,25616,1.320229544034978,0.7574440403323576,8192,1025,87.48779296875,40.01405371642723,0.0,0.0,0.0,0.0,0.0,3.0367544871226233,0.02069842396286111,33806,0,7,0,0,0,3,4,7167,1
bp,ev_bp_bimodal,bimodal,bp=bimodal/512 I$=2K 2w 16B D$=2K 2w 16B,10,bp_period8,34334,27152,1.264510901591043,0.7908195957360051,8192,1540,81.201171875,56.71773718326458,0.0,0.0,0.0,0.0,0.0,4.491174928642162,0.02038795363196831,34321,0,7,0,0,0,3,4,5631,1
bp,ev_bp_bimodal,bimodal,bp=bimodal/512 I$=2K 2w 16B D$=2K 2w 16B,10,bp_random,39954,22537,1.7728180325686649,0.564073684737448,8192,1998,75.6103515625,88.65421307183742,0.00651614374613104,6.2682926829268295,0.08874295602786528,11.40346984958069,4.082175977281803,5.0658256995544875,23.13410421985283,30693,2,4100,257,92,0,4096,4,6148,1
bp,ev_bp_bimodal,bimodal,bp=bimodal/512 I$=2K 2w 16B D$=2K 2w 16B,10,bsearch,1361941,535089,2.545260694949812,0.39288706338967694,158787,29534,81.4002405738505,55.19455641958628,0.0017225608968341054,83.23529411764706,0.018688479860359677,80.91924894737137,0.23921254221260388,2.27976101754775,51.63931477207897,580531,10,52020,43299,128,0,52020,0,78854,1363
bp,ev_bp_bimodal,bimodal,bp=bimodal/512 I$=2K 2w 16B D$=2K 2w 16B,10,coremark,906783,627626,1.44478240225867,0.6921457504165826,115695,9031,92.19413112061888,14.389142578541998,0.12438860553115791,0.13438907453145432,1.174266203120967,0.29476152995573796,0.1911966680793976,2.410168695266673,15.67243761737924,592498,737,137660,185,120,0,108773,28887,65269,12333
bp,ev_bp_bimodal,bimodal,bp=bimodal/512 I$=2K 2w 16B D$=2K 2w 16B,10,crc32,449946,374791,1.2005250926516378,0.8329688451503069,55296,6147,88.88346354166666,16.40114090252968,0.0012055927447428621,6.25,0.01067261487068793,1.0245710275860413,0.3361873684266698,2.741440083921182,3.0376978570761826,331787,4,6144,384,126,0,6144,0,49151,0
bp,ev_bp_bimodal,bimodal,bp=bimodal/512 I$=2K 2w 16B D$=2K 2w 16B,10,fib,378967,240201,1.5777078363537205,0.63383091403737,21891,10944,50.00685213101275,45.56184195736071,0.0018767447861683909,0.04313319530710835,0.01665272001365523,0.16652720013655228,0.0,4.004570318787652,24.629057411331328,213135,4,92736,40,0,0,46368,46368,8361,21892
bp,ev_bp_bimodal,bimodal,bp=bimodal/512 I$=2K 2w 16B D$=2K 2w 16B,10,linked_list,190038,40984,4.636882685926215,0.2156621307317484,8196,7,99.91459248413861,0.17079836033574078,0.00609811873037168,49.996948428440646,0.04879953152449737,199.88288112434122,2.708373999609604,0.022627053536661088,74.10044306928089,32797,2,16385,8192,111,0,16385,0,8191,0
bp,ev_bp_bimodal,bimodal,bp=bimodal/512 I$=2K 2w 16B D$=2K 2w 16B,10,matmul,1122417,459611,2.44210212549308,0.4094832847328578,65640,1644,97.49542961608775,3.5769378887798595,0.001517861982978262,16.830246913580247,0.015230270815972637,47.45752386257074,1.6622752719147278,0.29668117998925536,41.64904843743457,461175,7,129600,21812,764,0,128000,1600,63999,0
bp,ev_bp_bimodal,bimodal,bp=bimodal/512 I$=2K 2w 16B D$=2K 2w 16B,10,qsort,900064,526634,1.7090882852227542,0.5851072812599993,106296,32886,69.06186498080831,62.44564536281364,0.002618393465986134,5.163272251777814,0.026583927357519643,10.946881515435768,7.946695427944265,4.942870729192591,28.522305080527605,534679,14,111654,5765,4185,0,78524,33130,61235,10986
bp,ev_bp_bimodal,bimodal,bp=bimodal/512 I$=2K 2w 16B D$=2K 2w 16B,10,sieve,2934965,765296,3.8350716585478035,0.26075132071421636,255305,6472,97.4649928516872,8.456858522715393,0.0005124100592243546,33.990827176652566,0.006533419748698543,82.12116618929147,77.01072526185946,0.4408229740388727,66.53241180048144,975781,5,184894,62847,58936,0,63998,120896,191200,1
bp,ev_bp_bimodal,bimodal,bp=bimodal/512 I$=2K 2w 16B D$=2K 2w 16B,10,stream,377872,61468,6.147458840372226,0.1626688402421984,8192,8,99.90234375,0.13014902062861977,0.021468441391155002,69.9951171875,0.17895490336435219,233.21077633890806,84.35283399492418,0.031756785366473306,81.53422322902993,51238,11,20480,14335,5185,0,12288,8192,8188,0
bp,full,gshare,bp=gshare/512/h8 I$=2K 2w 16B D$=2K 2w 16B,10,bp_alternate,32807,26640,1.231493993993994,0.8120218246106014,8192,9,99.89013671875,0.33783783783783783,0.0,0.0,0.0,0.0,0.0,0.045721949583930256,0.021336909805834123,32791,0,7,0,0,0,3,4,6143,1
bp,full,gshare,bp=gshare/512/h8 I$=2K 2w 16B D$=2K 2w 16B,10,bp_always,32894,24592,1.3375894599869875,0.7476135465434426,8192,10,99.8779296875,0.4066363044892648,0.018295471870711996,14.285714285714285,0.24398178269355889,0.040663630448926485,0.040663630448926485,0.22192497111935305,0.10944245151091384,32795,6,7,1,1,0,3,4,8191,1
bp,full,gshare,bp=gshare/512/h8 I$=2K 2w 16B D$=2K 2w 16B,10,bp_correlated,47907,28676,1.670630492397824,0.5985764084580542,12288,2538,79.345703125,88.5060677918817,0.012359717209670242,6.2682926829268295,0.17436183568140606,8.96219835402427,0.6277026084530618,5.888492287139666,17.13110818878243,40454,5,4100,257,18,0,4096,4,8201,1
bp,full,gshare,bp=gshare/512/h8 I$=2K 2w 16B D$=2K 2w 16B,10,bp_period4,32808,25616,1.2807620237351656,0.7807851743477201,8192,10,99.8779296875,0.39038101186758273,0.0,0.0,0.0,0.0,0.0,0.0487685930260912,0.021336259448914898,32794,0,7,0,0,0,3,4,7167,1
bp,full,gshare,bp=gshare/512/h8 I$=2K 2w 16B D$=2K 2w 16B,10,bp_period8,33835,27152,1.2461328815556865,0.8024826363233338,8192,1036,87.353515625,38.15556865055981,0.0,0.0,0.0,0.0,0.0,3.0826067681395006,0.02068863602778188,33820,0,7,0,0,0,3,4,5631,1
bp,full,gshare,bp=gshare/512/h8 I$=2K 2w 16B D$=2K 2w 16B,10,bp_random,40021,22537,1.7757909215955983,0.5631293570875291,8192,2065,74.79248046875,91.6271020987709,0.006476683937823834,6.2682926829268295,0.08874295602786528,11.40346984958069,4.082175977281803,5.224757002573649,23.095374928162716,30880,2,4100,257,92,0,4096,4,6148,1
bp,full,gshare,bp=gshare/512/h8 I$=2K 2w 16B D$=2K 2w 16B,10,bsearch,1362641,535089,2.5465688885400373,0.3926852340418349,158787,30126,81.02741408301686,56.30091442731957,0.0017168767265341581,83.23529411764706,0.018688479860359677,80.91924894737137,0.23921254221260388,2.3299607159919598,51.61278722715667,582453,10,52020,43299,128,0,52020,0,78854,1363
bp,full,gshare,bp=gshare/512/h8 I$=2K 2w 16B D$=2K 2w 16B,10,coremark,906945,627626,1.4450405177605772,0.6920221182100348,115695,9061,92.16820087298501,14.436941745561846,0.12995088297135152,0.13438907453145432,1.2220653701408162,0.29476152995573796,0.1911966680793976,2.4276003506276567,15.669638180926077,590223,767,137660,185,120,0,108773,28887,65269,12333
bp,full,gshare,bp=gshare/512/h8 I$=2K 2w 16B D$=2K 2w 16B,10,crc32,437673,374791,1.1677788420746495,0.8563265268819416,55296,17,99.96925636574075,0.045358613200423704,0.001251889570820958,6.25,0.01067261487068793,1.0245710275860413,0.3361873684266698,0.014165826998695374,3.1228794099704573,319517,4,6144,384,126,0,6144,0,49151,0
bp,full,gshare,bp=gshare/512/h8 I$=2K 2w 16B D$=2K 2w 16B,10,fib,365606,240201,1.5220835883281085,0.656994141234006,21891,1757,91.97387054040473,7.314707265998059,0.0020241071157485655,0.04313319530710835,0.01665272001365523,0.16652720013655228,0.0,0.4964360541128975,25.529121513323084,197618,4,92736,40,0,0,46368,46368,8361,21892
bp,full,gshare,bp=gshare/512/h8 I$=2K 2w 16B D$=2K 2w 16B,10,linked_list,190044,40984,4.637029084520789,0.21565532192544884,8196,13,99.84138604197169,0.31719695490923283,0.006097003322866811,49.996948428440646,0.04879953152449737,199.88288112434122,2.708373999609604,0.025783502767780096,74.09810359706174,32803,2,16385,8192,111,0,16385,0,8191,0
bp,full,gshare,bp=gshare/512/h8 I$=2K 2w 16B D$=2K 2w 16B,10,matmul,1122429,459611,2.4421282345287647,0.40947890690636113,65640,1656,97.47714808043875,3.6030469244643837,0.001517822488491653,16.830246913580247,0.015230270815972637,47.45752386257074,1.6622752719147278,0.29774711808052,41.64860316331813,461187,7,129600,21812,764,0,128000,1600,63999,0
bp,full,gshare,bp=gshare/512/h8 I$=2K 2w 16B D$=2K 2w 16B,10,qsort,905143,526634,1.7187325542976717,0.5818240874646327,106296,37894,64.35049296304658,71.95509594898924,0.0025770159627731635,5.163272251777814,0.026583927357519643,10.946881515435768,7.946695427944265,5.476261761953636,28.36225878120916,543264,14,111654,5765,4185,0,78524,33130,61235,10986
bp,full,gshare,bp=gshare/512/h8 I$=2K 2w 16B D$=2K 2w 16B,10,sieve,2935168,765296,3.835336915389601,0.26073328681697266,255305,6684,97.3819549166683,8.733875520060213,0.0005124562746683639,33.990827176652566,0.006533419748698543,82.12116618929147,77.01072526185946,0.44770861497536085,66.52781033317343,975693,5,184894,62847,58936,0,63998,120896,191200,1
bp,full,gshare,bp=gshare/512/h8 I$=2K 2w 16B D$=2K 2w 16B,10,stream,377903,61468,6.147963167827162,0.16265549625168363,8192,39,99.52392578125,0.6344764755645214,0.021448766695914986,69.9951171875,0.17895490336435219,233.21077633890806,84.35283399492418,0.03995734355112291,81.52753484359742,51285,11,20480,14335,5185,0,12288,8192,8188,0
