study,config,label,desc,latency,workload,cycles,instret,cpi,ipc,branches,br_mispred,br_acc,br_mpki,jalr,jalr_cov,jalr_acc,jalr_ok,ic_miss_rate,dc_miss_rate,ic_mpki,dc_mpki,wb_pki,pf_acc,pf_cov,iside_frac,dside_frac,ic_access,ic_miss,ic_pf_issue,ic_pf_hit,dc_access,dc_miss,dc_writeback,dc_bypass,loads,stores,taken,jumps,ras_pred,btb_pred,jalr_mispred
repl,ev_w4,PLRU,bp=tournament/512/h8+RAS8+BTB16 I$=2K 4w 16B +pf D$=2K 4w 16B WB,10,bp_alternate,32784,26630,1.2310927525347353,0.8122864812103465,8192,7,99.91455078125,0.26286143447239957,0,nan,nan,nan,0.0,0.0,0.0,0.0,0.0,nan,nan,0.02440214738897023,0.0061005368472425575,30737,0,0,0,2,0,0,0,2,0,6143,0,0,0,0
repl,ev_w4,PLRU,bp=tournament/512/h8+RAS8+BTB16 I$=2K 4w 16B +pf D$=2K 4w 16B WB,10,bp_always,32805,24582,1.3345130583353673,0.7493369913122999,8192,3,99.96337890625,0.12204051745179399,0,nan,nan,nan,0.006102212051868803,0.0,0.08136034496786267,0.0,0.0,66.66666666666666,100.0,0.08840115836000609,0.006096631611034903,32775,2,3,2,2,0,0,0,2,0,8191,0,0,0,0
repl,ev_w4,PLRU,bp=tournament/512/h8+RAS8+BTB16 I$=2K 4w 16B +pf D$=2K 4w 16B WB,10,bp_correlated,48138,28666,1.6792716109676968,0.595496281523952,12288,2016,83.59375,70.3272169120212,0,nan,nan,nan,0.005501155242600946,6.25,0.06976906439684644,8.930440242796344,0.7325751761668876,66.66666666666666,100.0,6.315177198886534,17.096680377248745,36356,2,3,2,4096,256,21,0,4096,0,8201,0,0,0,0
repl,ev_w4,PLRU,bp=tournament/512/h8+RAS8+BTB16 I$=2K 4w 16B +pf D$=2K 4w 16B WB,10,bp_period4,32783,25606,1.2802858704991018,0.7810755574535583,8192,6,99.9267578125,0.23432008123096149,0,nan,nan,nan,0.0,0.0,0.0,0.0,0.0,nan,nan,0.021352530274837567,0.006100722935667877,31757,0,0,0,2,0,0,0,2,0,7167,0,0,0,0
repl,ev_w4,PLRU,bp=tournament/512/h8+RAS8+BTB16 I$=2K 4w 16B +pf D$=2K 4w 16B WB,10,bp_period8,33807,27142,1.2455603861174562,0.8028514804626261,8192,1030,87.4267578125,37.948566796846215,0,nan,nan,nan,0.0,0.0,0.0,0.0,0.0,nan,nan,3.049664270713166,0.005915934569763658,31758,0,0,0,2,0,0,0,2,0,5631,0,0,0,0
repl,ev_w4,PLRU,bp=tournament/512/h8+RAS8+BTB16 I$=2K 4w 16B +pf D$=2K 4w 16B WB,10,bp_random,39751,22527,1.76459359879256,0.566702724459762,8192,1983,75.79345703125,88.02770009322147,0,nan,nan,nan,0.006521030322791,6.25,0.08878235006880632,11.364140808807209,3.640076352821059,100.0,100.0,5.008679026942718,22.852255289175115,30670,2,2,2,4096,256,82,0,4096,0,6148,0,0,0,0
repl,ev_w4,PLRU,bp=tournament/512/h8+RAS8+BTB16 I$=2K 4w 16B +pf D$=2K 4w 16B WB,10,bsearch,1388393,535088,2.594700310976886,0.38540096356002945,158787,29416,81.47455396222612,54.97413509553569,0,nan,nan,nan,0.0017927444048447124,83.5755478662053,0.0186885147863529,81.25018688514785,0.23921298926531712,70.0,70.0,3.950394448834012,50.846698305162874,557804,10,10,7,52020,43476,128,0,52020,0,78854,1363,0,0,0
repl,ev_w4,PLRU,bp=tournament/512/h8+RAS8+BTB16 I$=2K 4w 16B +pf D$=2K 4w 16B WB,10,coremark,861675,576430,1.4948475964124004,0.6689645167841703,106413,6287,94.09188726941258,10.906788335097064,4278,100.0,99.90649836372137,99.90649836372137,0.3367721739002485,0.2918287937743191,3.1764481376749996,0.697396041149836,0.4215602935308711,72.42888402625822,72.31021299836155,3.0420982388951754,17.081150085589115,543691,1831,1828,1324,137752,402,243,0,109407,28345,58854,15409,3639,639,4
repl,ev_w4,PLRU,bp=tournament/512/h8+RAS8+BTB16 I$=2K 4w 16B +pf D$=2K 4w 16B WB,10,crc32,371222,344088,1.0788577340680292,0.9269062717188098,6144,2,99.96744791666666,0.005812466578317174,0,nan,nan,nan,0.006424065405551249,3.6783854166666665,0.04359349933737881,1.3136174466996815,0.3690916277231406,107.14285714285714,100.0,0.03879080442430675,5.615507701590962,233497,15,14,15,12288,452,127,0,12288,0,6143,0,0,0,0
repl,ev_w4,PLRU,bp=tournament/512/h8+RAS8+BTB16 I$=2K 4w 16B +pf D$=2K 4w 16B WB,10,fib,365920,240201,1.5233908268491805,0.6564303672933974,21891,2101,90.40244849481522,8.746841187172409,10946,97.87136853645167,100.0,97.87136853645167,0.0019649743325227814,0.04313319530710835,0.01665272001365523,0.16652720013655228,0.0,60.0,75.0,0.5818211630957587,25.507214691735896,203565,4,5,3,92736,40,0,0,46368,46368,8361,21892,10713,0,0
repl,ev_w4,PLRU,bp=tournament/512/h8+RAS8+BTB16 I$=2K 4w 16B +pf D$=2K 4w 16B WB,10,interp_switch,301588,223142,1.3515519265759024,0.7398901813069485,10006,2,99.98001199280432,0.008962902546360615,9007,99.98889752414787,11.11481234732401,11.113578327967137,0.012736482183620884,0.020443394512084316,0.11651773310268798,0.04033306145862276,0.0,66.66666666666666,69.23076923076923,2.078000450946324,14.642160828680186,204138,26,27,18,44024,9,0,0,36019,8005,9006,17013,1,9005,8005
repl,ev_w4,PLRU,bp=tournament/512/h8+RAS8+BTB16 I$=2K 4w 16B +pf D$=2K 4w 16B WB,10,interp_threaded,205397,148093,1.3869460406636371,0.7210085833775567,1000,1,99.9,0.006752513623196235,9007,99.90007771733096,55.523449655479,55.467969357166645,0.0204577822190399,0.002271436683702442,0.1755653542031021,0.006752513623196235,0.0,66.66666666666666,69.23076923076923,1.0973870114948123,21.44140372059962,127091,26,27,18,44025,1,0,0,36020,8005,1,9008,1,8997,4002
repl,ev_w4,PLRU,bp=tournament/512/h8+RAS8+BTB16 I$=2K 4w 16B +pf D$=2K 4w 16B WB,10,linked_list,190000,40981,4.636294868353628,0.21568947368421051,8196,7,99.91459248413861,0.1708108635709231,0,nan,nan,nan,0.00487971502464256,49.996948428440646,0.0488031038774066,199.89751348185743,2.6841707132573633,66.66666666666666,100.0,0.011578947368421052,74.10789473684211,40986,2,3,2,16385,8192,110,0,16385,0,8191,0,0,0,0
repl,ev_w4,PLRU,bp=tournament/512/h8+RAS8+BTB16 I$=2K 4w 16B +pf D$=2K 4w 16B WB,10,matmul,1081993,459611,2.3541494872838116,0.4247818608808005,65640,1644,97.49542961608775,3.5769378887798595,0,nan,nan,nan,0.0017622742400821725,14.684413580246913,0.015230270815972637,41.406754842682176,2.1104803844990654,100.0,100.0,0.16053708295709862,39.61624520676197,397214,7,7,7,129600,19031,970,0,128000,1600,63999,0,0,0,0
repl,ev_w4,PLRU,bp=tournament/512/h8+RAS8+BTB16 I$=2K 4w 16B +pf D$=2K 4w 16B WB,10,qsort,883256,516875,1.7088386940749698,0.5851927414022662,106296,30303,71.49187175434635,58.6273276904474,3686,99.94574064026045,100.0,99.94574064026045,0.002994245060992772,4.944669642704431,0.02902055622732769,11.186457073760579,8.10447400241838,75.0,80.0,3.6058628528988197,29.698071680237664,500961,15,16,12,116934,5782,4189,0,81164,35770,61235,10986,3684,0,0
repl,ev_w4,PLRU,bp=tournament/512/h8+RAS8+BTB16 I$=2K 4w 16B +pf D$=2K 4w 16B WB,10,sieve,2923338,765296,3.81987884426418,0.2617884076353812,255305,6477,97.46303440982355,8.463391942464092,0,nan,nan,nan,0.0006626619794375988,34.0119203435482,0.007840103698438251,82.1721268633313,77.06299261984906,100.0,83.33333333333334,0.22320374859150738,66.83619889318307,905439,6,5,5,184894,62886,58976,0,63998,120896,184841,1,0,0,0
repl,ev_w4,PLRU,bp=tournament/512/h8+RAS8+BTB16 I$=2K 4w 16B +pf D$=2K 4w 16B WB,10,stream,196683,61468,3.1997624780373526,0.3125231972259931,8192,8,99.90234375,0.13014902062861977,0,nan,nan,nan,0.023332272775479904,25.01953125,0.17895490336435219,83.36044771263096,34.40814732869135,91.66666666666666,100.0,0.03864085864055358,64.54548690024049,47145,11,12,11,20480,5124,2115,0,12288,8192,8188,0,0,0,0
repl,ev_w4_fifo,FIFO,bp=tournament/512/h8+RAS8+BTB16 I$=2K 4w 16B +pf D$=2K 4w 16B WB,10,bp_alternate,32784,26630,1.2310927525347353,0.8122864812103465,8192,7,99.91455078125,0.26286143447239957,0,nan,nan,nan,0.0,0.0,0.0,0.0,0.0,nan,nan,0.02440214738897023,0.0061005368472425575,30737,0,0,0,2,0,0,0,2,0,6143,0,0,0,0
repl,ev_w4_fifo,FIFO,bp=tournament/512/h8+RAS8+BTB16 I$=2K 4w 16B +pf D$=2K 4w 16B WB,10,bp_always,32805,24582,1.3345130583353673,0.7493369913122999,8192,3,99.96337890625,0.12204051745179399,0,nan,nan,nan,0.006102212051868803,0.0,0.08136034496786267,0.0,0.0,66.66666666666666,100.0,0.08840115836000609,0.006096631611034903,32775,2,3,2,2,0,0,0,2,0,8191,0,0,0,0
repl,ev_w4_fifo,FIFO,bp=tournament/512/h8+RAS8+BTB16 I$=2K 4w 16B +pf D$=2K 4w 16B WB,10,bp_correlated,48137,28666,1.6792367264354986,0.595508652387976,12288,2015,83.60188802083334,70.29233237982278,0,nan,nan,nan,0.005501609220697054,6.25,0.06976906439684644,8.930440242796344,0.7325751761668876,66.66666666666666,100.0,6.313230986559196,17.097035544383736,36353,2,3,2,4096,256,21,0,4096,0,8201,0,0,0,0
repl,ev_w4_fifo,FIFO,bp=tournament/512/h8+RAS8+BTB16 I$=2K 4w 16B +pf D$=2K 4w 16B WB,10,bp_period4,32783,25606,1.2802858704991018,0.7810755574535583,8192,6,99.9267578125,0.23432008123096149,0,nan,nan,nan,0.0,0.0,0.0,0.0,0.0,nan,nan,0.021352530274837567,0.006100722935667877,31757,0,0,0,2,0,0,0,2,0,7167,0,0,0,0
repl,ev_w4_fifo,FIFO,bp=tournament/512/h8+RAS8+BTB16 I$=2K 4w 16B +pf D$=2K 4w 16B WB,10,bp_period8,33807,27142,1.2455603861174562,0.8028514804626261,8192,1030,87.4267578125,37.948566796846215,0,nan,nan,nan,0.0,0.0,0.0,0.0,0.0,nan,nan,3.049664270713166,0.005915934569763658,31758,0,0,0,2,0,0,0,2,0,5631,0,0,0,0
repl,ev_w4_fifo,FIFO,bp=tournament/512/h8+RAS8+BTB16 I$=2K 4w 16B +pf D$=2K 4w 16B WB,10,bp_random,39737,22527,1.7639721223420783,0.5669023831693384,8192,1983,75.79345703125,88.02770009322147,0,nan,nan,nan,0.006521030322791,6.25,0.08878235006880632,11.364140808807209,3.595685177786656,100.0,100.0,5.010443667111256,22.825074867252184,30670,2,2,2,4096,256,81,0,4096,0,6148,0,0,0,0
repl,ev_w4_fifo,FIFO,bp=tournament/512/h8+RAS8+BTB16 I$=2K 4w 16B +pf D$=2K 4w 16B WB,10,bsearch,1388438,535088,2.5947844092934247,0.38538847251371683,158787,29416,81.47455396222612,54.97413509553569,0,nan,nan,nan,0.0017927444048447124,83.58131487889273,0.0186885147863529,81.25579343958377,0.23921298926531712,70.0,70.0,3.9502664144888,50.84829138931662,557804,10,10,7,52020,43479,128,0,52020,0,78854,1363,0,0,0
repl,ev_w4_fifo,FIFO,bp=tournament/512/h8+RAS8+BTB16 I$=2K 4w 16B +pf D$=2K 4w 16B WB,10,coremark,864229,576430,1.4992783165345316,0.666987569266942,106413,6287,94.09188726941258,10.906788335097064,4278,100.0,99.90649836372137,99.90649836372137,0.36048894071428306,0.3179627156048551,3.4002394046111406,0.7598494179692243,0.48574848637302015,71.83819764464926,71.58163265306122,3.2062103909959045,17.153092525245047,543706,1960,1953,1403,137752,438,280,0,109407,28345,58854,15409,3639,639,4
repl,ev_w4_fifo,FIFO,bp=tournament/512/h8+RAS8+BTB16 I$=2K 4w 16B +pf D$=2K 4w 16B WB,10,crc32,374747,344088,1.089102206412313,0.9181874704800839,6144,2,99.96744791666666,0.005812466578317174,0,nan,nan,nan,0.006424065405551249,5.5908203125,0.04359349933737881,1.9965822696519495,0.3690916277231406,107.14285714285714,100.0,0.03842592469052454,6.503320907172039,233497,15,14,15,12288,687,127,0,12288,0,6143,0,0,0,0
repl,ev_w4_fifo,FIFO,bp=tournament/512/h8+RAS8+BTB16 I$=2K 4w 16B +pf D$=2K 4w 16B WB,10,fib,365920,240201,1.5233908268491805,0.6564303672933974,21891,2101,90.40244849481522,8.746841187172409,10946,97.87136853645167,100.0,97.87136853645167,0.0019649743325227814,0.04313319530710835,0.01665272001365523,0.16652720013655228,0.0,60.0,75.0,0.5818211630957587,25.507214691735896,203565,4,5,3,92736,40,0,0,46368,46368,8361,21892,10713,0,0
repl,ev_w4_fifo,FIFO,bp=tournament/512/h8+RAS8+BTB16 I$=2K 4w 16B +pf D$=2K 4w 16B WB,10,interp_switch,301588,223142,1.3515519265759024,0.7398901813069485,10006,2,99.98001199280432,0.008962902546360615,9007,99.98889752414787,11.11481234732401,11.113578327967137,0.012736482183620884,0.020443394512084316,0.11651773310268798,0.04033306145862276,0.0,66.66666666666666,69.23076923076923,2.078000450946324,14.642160828680186,204138,26,27,18,44024,9,0,0,36019,8005,9006,17013,1,9005,8005
repl,ev_w4_fifo,FIFO,bp=tournament/512/h8+RAS8+BTB16 I$=2K 4w 16B +pf D$=2K 4w 16B WB,10,interp_threaded,205383,148093,1.3868515054729122,0.7210577311656758,1000,1,99.9,0.006752513623196235,9007,99.90007771733096,55.523449655479,55.467969357166645,0.019670944441384522,0.002271436683702442,0.16881284057990587,0.006752513623196235,0.0,69.23076923076923,72.0,1.0906452822288115,21.442865280962884,127091,25,26,18,44025,1,0,0,36020,8005,1,9008,1,8997,4002
repl,ev_w4_fifo,FIFO,bp=tournament/512/h8+RAS8+BTB16 I$=2K 4w 16B +pf D$=2K 4w 16B WB,10,linked_list,190014,40981,4.636636490080769,0.21567358194659342,8196,7,99.91459248413861,0.1708108635709231,0,nan,nan,nan,0.00487971502464256,49.996948428440646,0.0488031038774066,199.89751348185743,2.708572265196066,66.66666666666666,100.0,0.01157809424568716,74.10980243561,40986,2,3,2,16385,8192,111,0,16385,0,8191,0,0,0,0
repl,ev_w4_fifo,FIFO,bp=tournament/512/h8+RAS8+BTB16 I$=2K 4w 16B +pf D$=2K 4w 16B WB,10,matmul,1084125,459611,2.3587881926237624,0.42394650063415196,65640,1644,97.49542961608775,3.5769378887798595,0,nan,nan,nan,0.0017622742400821725,14.903549382716049,0.015230270815972637,42.02466868721593,1.7797659324950883,100.0,100.0,0.1602213766862677,39.73499365848034,397214,7,7,7,129600,19315,818,0,128000,1600,63999,0,0,0,0
repl,ev_w4_fifo,FIFO,bp=tournament/512/h8+RAS8+BTB16 I$=2K 4w 16B +pf D$=2K 4w 16B WB,10,qsort,885064,516875,1.712336638452237,0.5839973154483744,106296,30303,71.49187175434635,58.6273276904474,3686,99.94574064026045,100.0,99.94574064026045,0.002994245060992772,4.982297706398482,0.02902055622732769,11.271584038694074,8.263119709794438,75.0,80.0,3.598496831867526,29.841683765241832,500961,15,16,12,116934,5826,4271,0,81164,35770,61235,10986,3684,0,0
repl,ev_w4_fifo,FIFO,bp=tournament/512/h8+RAS8+BTB16 I$=2K 4w 16B +pf D$=2K 4w 16B WB,10,sieve,2923309,765296,3.819840950429638,0.2617910046457627,255305,6477,97.46303440982355,8.463391942464092,0,nan,nan,nan,0.0006626619794375988,34.01137949311497,0.007840103698438251,82.17082017938156,77.0616859358993,100.0,83.33333333333334,0.22320596283184568,66.8358698994872,905439,6,5,5,184894,62885,58975,0,63998,120896,184841,1,0,0,0
repl,ev_w4_fifo,FIFO,bp=tournament/512/h8+RAS8+BTB16 I$=2K 4w 16B +pf D$=2K 4w 16B WB,10,stream,196683,61468,3.1997624780373526,0.3125231972259931,8192,8,99.90234375,0.13014902062861977,0,nan,nan,nan,0.023332272775479904,25.01953125,0.17895490336435219,83.36044771263096,34.40814732869135,91.66666666666666,100.0,0.03864085864055358,64.54548690024049,47145,11,12,11,20480,5124,2115,0,12288,8192,8188,0,0,0,0
repl,ev_w4_rand,random,bp=tournament/512/h8+RAS8+BTB16 I$=2K 4w 16B +pf D$=2K 4w 16B WB,10,bp_alternate,32784,26630,1.2310927525347353,0.8122864812103465,8192,7,99.91455078125,0.26286143447239957,0,nan,nan,nan,0.0,0.0,0.0,0.0,0.0,nan,nan,0.02440214738897023,0.0061005368472425575,30737,0,0,0,2,0,0,0,2,0,6143,0,0,0,0
repl,ev_w4_rand,random,bp=tournament/512/h8+RAS8+BTB16 I$=2K 4w 16B +pf D$=2K 4w 16B WB,10,bp_always,32805,24582,1.3345130583353673,0.7493369913122999,8192,3,99.96337890625,0.12204051745179399,0,nan,nan,nan,0.006102212051868803,0.0,0.08136034496786267,0.0,0.0,66.66666666666666,100.0,0.08840115836000609,0.006096631611034903,32775,2,3,2,2,0,0,0,2,0,8191,0,0,0,0
repl,ev_w4_rand,random,bp=tournament/512/h8+RAS8+BTB16 I$=2K 4w 16B +pf D$=2K 4w 16B WB,10,bp_correlated,47862,28666,1.669643480080932,0.598930257824579,12288,2016,83.59375,70.3272169120212,0,nan,nan,nan,0.0055025174017112825,5.6640625,0.06976906439684644,8.093211470034186,0.941882369357427,66.66666666666666,100.0,6.351594166562199,16.618611842380176,36347,2,3,2,4096,232,27,0,4096,0,8201,0,0,0,0
repl,ev_w4_rand,random,bp=tournament/512/h8+RAS8+BTB16 I$=2K 4w 16B +pf D$=2K 4w 16B WB,10,bp_period4,32798,25606,1.2808716707021792,0.780718336483932,8192,6,99.9267578125,0.23432008123096149,0,nan,nan,nan,0.0,50.0,0.0,0.03905334687182692,0.0,nan,nan,0.021342764802731874,0.05183242880663455,31757,0,0,0,2,1,0,0,2,0,7167,0,0,0,0
repl,ev_w4_rand,random,bp=tournament/512/h8+RAS8+BTB16 I$=2K 4w 16B +pf D$=2K 4w 16B WB,10,bp_period8,33836,27142,1.2466288409107655,0.802163376285613,8192,1030,87.4267578125,37.948566796846215,0,nan,nan,nan,0.0,50.0,0.0,0.03684326873480215,0.03684326873480215,nan,nan,3.047050478779998,0.09161839460929187,31758,0,0,0,2,1,1,0,2,0,5631,0,0,0,0
repl,ev_w4_rand,random,bp=tournament/512/h8+RAS8+BTB16 I$=2K 4w 16B +pf D$=2K 4w 16B WB,10,bp_random,39196,22527,1.7399564966484662,0.5747270129605062,8192,1983,75.79345703125,88.02770009322147,0,nan,nan,nan,0.006522518996836578,5.6884765625,0.08878235006880632,10.343143783015936,2.9742087273050117,100.0,100.0,5.079599959179508,21.75987345647515,30663,2,2,2,4096,233,67,0,4096,0,6148,0,0,0,0
repl,ev_w4_rand,random,bp=tournament/512/h8+RAS8+BTB16 I$=2K 4w 16B +pf D$=2K 4w 16B WB,10,bsearch,1354928,535088,2.532159196244356,0.394919877661396,158787,29416,81.47455396222612,54.97413509553569,0,nan,nan,nan,0.0017927444048447124,79.28681276432141,0.0186885147863529,77.08077923631252,0.23921298926531712,70.0,70.0,4.0479641722659805,49.63267420851883,557804,10,10,7,52020,41245,128,0,52020,0,78854,1363,0,0,0
repl,ev_w4_rand,random,bp=tournament/512/h8+RAS8+BTB16 I$=2K 4w 16B +pf D$=2K 4w 16B WB,10,coremark,866787,576430,1.5037159759207537,0.6650192031029538,106413,6288,94.09094753460575,10.908523151119823,4278,100.0,99.90649836372137,99.90649836372137,0.36527832700319113,0.3564376560775887,3.4453446212029215,0.8517946671755461,0.5343233350103221,56.30676084762866,56.19335347432024,3.354918797813073,17.23941406597007,543695,1986,1982,1116,137752,491,308,0,109407,28345,58854,15409,3639,639,4
repl,ev_w4_rand,random,bp=tournament/512/h8+RAS8+BTB16 I$=2K 4w 16B +pf D$=2K 4w 16B WB,10,crc32,375077,344088,1.0900612633977356,0.9173796313823561,6144,2,99.96744791666666,0.005812466578317174,0,nan,nan,nan,0.006424065405551249,5.769856770833334,0.04359349933737881,2.0605194020134383,0.3690916277231406,107.14285714285714,100.0,0.0383921168186799,6.585581094015362,233497,15,14,15,12288,709,127,0,12288,0,6143,0,0,0,0
repl,ev_w4_rand,random,bp=tournament/512/h8+RAS8+BTB16 I$=2K 4w 16B +pf D$=2K 4w 16B WB,10,fib,365920,240201,1.5233908268491805,0.6564303672933974,21891,2101,90.40244849481522,8.746841187172409,10946,97.87136853645167,100.0,97.87136853645167,0.0019649743325227814,0.04313319530710835,0.01665272001365523,0.16652720013655228,0.0,60.0,75.0,0.5818211630957587,25.507214691735896,203565,4,5,3,92736,40,0,0,46368,46368,8361,21892,10713,0,0
repl,ev_w4_rand,random,bp=tournament/512/h8+RAS8+BTB16 I$=2K 4w 16B +pf D$=2K 4w 16B WB,10,interp_switch,301588,223142,1.3515519265759024,0.7398901813069485,10006,2,99.98001199280432,0.008962902546360615,9007,99.98889752414787,11.11481234732401,11.113578327967137,0.012736482183620884,0.020443394512084316,0.11651773310268798,0.04033306145862276,0.0,66.66666666666666,69.23076923076923,2.078000450946324,14.642160828680186,204138,26,27,18,44024,9,0,0,36019,8005,9006,17013,1,9005,8005
repl,ev_w4_rand,random,bp=tournament/512/h8+RAS8+BTB16 I$=2K 4w 16B +pf D$=2K 4w 16B WB,10,interp_threaded,205412,148093,1.387047328367985,0.7209559324674313,1000,1,99.9,0.006752513623196235,9007,99.90007771733096,55.523449655479,55.467969357166645,0.02124461999669528,0.002271436683702442,0.18231786782629833,0.006752513623196235,0.0,66.66666666666666,66.66666666666666,1.1046092730707067,21.43983798414893,127091,27,27,18,44025,1,0,0,36020,8005,1,9008,1,8997,4002
repl,ev_w4_rand,random,bp=tournament/512/h8+RAS8+BTB16 I$=2K 4w 16B +pf D$=2K 4w 16B WB,10,linked_list,189986,40981,4.635953246626485,0.2157053677639405,8196,7,99.91459248413861,0.1708108635709231,0,nan,nan,nan,0.00487971502464256,49.996948428440646,0.0488031038774066,199.89751348185743,2.65976916131866,66.66666666666666,100.0,0.01157980061688756,74.10598675691892,40986,2,3,2,16385,8192,109,0,16385,0,8191,0,0,0,0
repl,ev_w4_rand,random,bp=tournament/512/h8+RAS8+BTB16 I$=2K 4w 16B +pf D$=2K 4w 16B WB,10,matmul,1190911,459611,2.5911281496743985,0.3859322820932882,65640,1644,97.49542961608775,3.5769378887798595,0,nan,nan,nan,0.0017622742400821725,20.332561728395063,0.015230270815972637,57.33326661024214,1.9734079471553116,100.0,100.0,0.1458547280191383,45.1388055026782,397214,7,7,7,129600,26351,907,0,128000,1600,63999,0,0,0,0
repl,ev_w4_rand,random,bp=tournament/512/h8+RAS8+BTB16 I$=2K 4w 16B +pf D$=2K 4w 16B WB,10,qsort,894304,516875,1.7302133010882708,0.5779634218341861,106296,30303,71.49187175434635,58.6273276904474,3686,99.94574064026045,100.0,99.94574064026045,0.0029942151762794283,5.317529546581833,0.02902055622732769,12.029987908101573,8.727448609431681,75.0,80.0,3.561316957097363,30.56656349518732,500966,15,16,12,116934,6218,4511,0,81164,35770,61235,10986,3684,0,0
repl,ev_w4_rand,random,bp=tournament/512/h8+RAS8+BTB16 I$=2K 4w 16B +pf D$=2K 4w 16B WB,10,sieve,2921945,765296,3.8180586335221927,0.26191321191877326,255305,6477,97.46303440982355,8.463391942464092,0,nan,nan,nan,0.0006626619794375988,33.98541867232036,0.007840103698438251,82.10809934979407,77.00157847421129,100.0,83.33333333333334,0.223310158130971,66.8203884741157,905439,6,5,5,184894,62837,58929,0,63998,120896,184841,1,0,0,0
repl,ev_w4_rand,random,bp=tournament/512/h8+RAS8+BTB16 I$=2K 4w 16B +pf D$=2K 4w 16B WB,10,stream,226346,61468,3.6823387779006964,0.27156653972237194,8192,8,99.90234375,0.13014902062861977,0,nan,nan,nan,0.023332272775479904,33.076171875,0.17895490336435219,110.20368321728378,40.11843560877204,91.66666666666666,100.0,0.033135111731596764,69.1922985164306,47145,11,12,11,20480,6774,2466,0,12288,8192,8188,0,0,0,0
